C,MC,SCP_UID,date,B02,B03,B04
sg,sg,20200110_135053853156_962,20190108,0.0835,0.1068,0.0518
sg,sg,20200110_135053853156_962,20190108,0.0874,0.1142,0.0562
sg,sg,20200110_135053853156_962,20190108,0.0837,0.1082,0.053
sg,sg,20200110_135053853156_962,20190108,0.0932,0.1192,0.0606
sg,sg,20200110_135053853156_962,20190108,0.0892,0.1172,0.0589
sg,sg,20200110_135053853156_962,20190108,0.0852,0.1084,0.0521
sg,sg,20200110_135053853156_962,20190108,0.0892,0.1114,0.0551
sg,sg,20200110_135153280985_791,20190108,0.0913,0.1222,0.0773
sg,sg,20200110_135153280985_791,20190108,0.0914,0.1244,0.0778
sg,sg,20200110_135153280985_791,20190108,0.0903,0.121,0.0774
sg,sg,20200110_135153280985_791,20190108,0.09,0.1216,0.0747
sg,sg,20200110_135153280985_791,20190108,0.0891,0.1218,0.0756
sg,sg,20200110_135153280985_791,20190108,0.0918,0.1242,0.077
sg,sg,20200110_135153280985_791,20190108,0.0847,0.1158,0.0719
sg,sg,20200110_135153280985_791,20190108,0.0903,0.1222,0.0742
sg,sg,20200110_135234927079_808,20190108,0.0855,0.1038,0.0586
sg,sg,20200110_135234927079_808,20190108,0.0857,0.105,0.0559
sg,sg,20200110_135234927079_808,20190108,0.0814,0.1028,0.0549
sg,sg,20200110_135234927079_808,20190108,0.086,0.1066,0.0581
sg,sg,20200110_135234927079_808,20190108,0.0898,0.1108,0.0609
sg,sg,20200110_135234927079_808,20190108,0.0962,0.1136,0.0612
sg,sg,20200110_135234927079_808,20190108,0.0926,0.115,0.0604
sg,sg,20200110_135234927079_808,20190108,0.0916,0.1122,0.0594
sg,sg,20200110_135234927079_808,20190108,0.0974,0.1192,0.0657
sg,sg,20200110_135234927079_808,20190108,0.0919,0.114,0.061
sg,sg,20200110_135234927079_808,20190108,0.0959,0.1152,0.062
sg,sg,20200110_135234927079_808,20190108,0.0885,0.109,0.0562
sg,sg,20200110_135234927079_808,20190108,0.0938,0.1098,0.0565
sg,sg,20200110_135234927079_808,20190108,0.0982,0.114,0.0561
sg,sg,20200110_135234927079_808,20190108,0.0977,0.1178,0.0574
sg,sg,20200110_135712125398_905,20190108,0.0606,0.0681,0.0131
sg,sg,20200110_135712125398_905,20190108,0.0608,0.0699,0.0127
sg,sg,20200110_135712125398_905,20190108,0.0579,0.0677,0.0114
sg,sg,20200110_135712125398_905,20190108,0.0617,0.07,0.0142
sg,sg,20200110_135712125398_905,20190108,0.0646,0.0724,0.0121
sg,sg,20200110_135712125398_905,20190108,0.0673,0.0739,0.0125
sg,sg,20200110_135712125398_905,20190108,0.0598,0.0684,0.0128
sg,sg,20200110_135712125398_905,20190108,0.0614,0.0732,0.0138
sg,sg,20200110_135712125398_905,20190108,0.0636,0.0739,0.013
sg,sg,20200110_135712125398_905,20190108,0.0677,0.0767,0.0146
sg,sg,20200110_135712125398_905,20190108,0.0583,0.0687,0.0116
sg,sg,20200110_135712125398_905,20190108,0.0651,0.0702,0.0127
sg,sg,20200110_135712125398_905,20190108,0.0682,0.0787,0.0139
sg,sg,20200110_135712125398_905,20190108,0.0676,0.0774,0.0123
sg,sg,20200110_135712125398_905,20190108,0.0708,0.0818,0.0139
sg,sg,20200110_135712125398_905,20190108,0.0588,0.0689,0.0123
sg,sg,20200110_135712125398_905,20190108,0.0677,0.0749,0.0133
sg,sg,20200110_135712125398_905,20190108,0.0707,0.083,0.0122
sg,sg,20200110_135712125398_905,20190108,0.0589,0.0673,0.0129
sg,sg,20200110_135712125398_905,20190108,0.061,0.0733,0.0122
sg,sg,20200110_135712125398_905,20190108,0.0675,0.0772,0.0147
sg,sg,20200110_135712125398_905,20190108,0.0616,0.0714,0.0124
sg,sg,20200110_135712125398_905,20190108,0.0641,0.0732,0.0122
sg,sg,20200110_135712125398_905,20190108,0.0686,0.0777,0.0129
sg,sg,20200110_135712125398_905,20190108,0.0637,0.0771,0.0142
sg,sg,20200110_135712125398_905,20190108,0.0682,0.0827,0.0127
sg,sg,20200110_135738643647_682,20190108,0.098,0.0995,0.0127
sg,sg,20200110_135738643647_682,20190108,0.1082,0.1072,0.0112
sg,sg,20200110_135738643647_682,20190108,0.0991,0.1007,0.0144
sg,sg,20200110_135738643647_682,20190108,0.1184,0.1148,0.0136
sg,sg,20200110_135738643647_682,20190108,0.107,0.1088,0.0139
sg,sg,20200110_135901994270_216,20190108,0.0683,0.0942,0.0406
sg,sg,20200110_135901994270_216,20190108,0.0719,0.0943,0.0384
sg,sg,20200110_135901994270_216,20190108,0.07,0.0969,0.0408
sg,sg,20200110_135901994270_216,20190108,0.0741,0.1001,0.0416
sg,sg,20200110_135955720510_352,20190108,0.0469,0.0618,0.0138
sg,sg,20200110_135955720510_352,20190108,0.0476,0.0625,0.0146
sg,sg,20200110_135955720510_352,20190108,0.0479,0.0604,0.0147
sg,sg,20200110_135955720510_352,20190108,0.0445,0.0587,0.0153
sg,sg,20200110_135955720510_352,20190108,0.0469,0.0589,0.015
sg,sg,20200110_135955720510_352,20190108,0.0478,0.0608,0.0156
sg,sg,20200110_135955720510_352,20190108,0.0469,0.0597,0.0133
sg,sg,20200110_135955720510_352,20190108,0.0496,0.0613,0.0157
sg,sg,20200110_135955720510_352,20190108,0.049,0.0617,0.0152
sg,sg,20200110_135955720510_352,20190108,0.0479,0.0594,0.0149
sg,sg,20200110_140215011045_500,20190108,0.0792,0.1038,0.0294
sg,sg,20200110_140215011045_500,20190108,0.075,0.0999,0.0275
sg,sg,20200110_140215011045_500,20190108,0.0745,0.0996,0.0249
sg,sg,20200110_140215011045_500,20190108,0.077,0.1028,0.0298
sg,sg,20200110_140215011045_500,20190108,0.0746,0.0991,0.0265
sg,sg,20200110_140215011045_500,20190108,0.0749,0.1002,0.0231
sg,sg,20200110_140349196223_573,20190108,0.0669,0.0963,0.0535
sg,sg,20200110_140349196223_573,20190108,0.065,0.0962,0.0502
sg,sg,20200110_140349196223_573,20190108,0.0631,0.0921,0.048
sg,sg,20200110_140349196223_573,20190108,0.0579,0.0846,0.0427
sg,sg,20200110_140349196223_573,20190108,0.0692,0.0962,0.0541
sg,sg,20200110_140349196223_573,20190108,0.0667,0.0921,0.0495
sg,sg,20200110_140349196223_573,20190108,0.0631,0.0913,0.0491
sg,sg,20200110_140349196223_573,20190108,0.0587,0.0886,0.0479
sg,sg,20200110_140502435330_843,20190108,0.0394,0.0606,0.0376
sg,sg,20200110_140502435330_843,20190108,0.046,0.0665,0.0387
sg,sg,20200110_140502435330_843,20190108,0.0419,0.0612,0.0373
sg,sg,20200110_140502435330_843,20190108,0.0476,0.0669,0.0356
sg,sg,20200110_140502435330_843,20190108,0.0386,0.0622,0.0358
sg,sg,20200110_140502435330_843,20190108,0.0462,0.0639,0.0329
sg,sg,20200110_140502435330_843,20190108,0.0411,0.0642,0.0361
sg,sg,20200110_140502435330_843,20190108,0.0468,0.0678,0.0357
sg,sg,20200110_140532815775_841,20190108,0.052,0.0601,0.015
sg,sg,20200110_140532815775_841,20190108,0.0503,0.0592,0.0157
sg,sg,20200110_140532815775_841,20190108,0.0532,0.0589,0.0181
sg,sg,20200110_140532815775_841,20190108,0.0507,0.0579,0.0172
sg,sg,20200110_140532815775_841,20190108,0.0485,0.0563,0.0145
sg,sg,20200110_140532815775_841,20190108,0.0492,0.0577,0.0153
sg,sg,20200110_140647158568_764,20190108,0.1566,0.1948,0.092
sg,sg,20200110_140647158568_764,20190108,0.1388,0.1722,0.082
sg,sg,20200110_140647158568_764,20190108,0.1472,0.1802,0.083
sg,sg,20200110_140647158568_764,20190108,0.1538,0.1982,0.0926
sg,sg,20200110_140647158568_764,20190108,0.142,0.1804,0.0861
sg,sg,20200110_140647158568_764,20190108,0.1312,0.1724,0.0805
sg,sg,20200110_140741420192_109,20190108,0.1896,0.2658,0.223
sg,sg,20200110_140741420192_109,20190108,0.1782,0.229,0.1862
sg,sg,20200110_140741420192_109,20190108,0.1562,0.216,0.1744
sg,sg,20200110_140816517652_749,20190108,0.108,0.136,0.0666
sg,sg,20200110_140816517652_749,20190108,0.1086,0.1356,0.0667
sg,sg,20200110_140816517652_749,20190108,0.1034,0.1328,0.0632
sg,sg,20200110_140816517652_749,20190108,0.1062,0.131,0.0663
sg,sg,20200110_140816517652_749,20190108,0.1004,0.1226,0.0632
sg,sg,20200110_140816517652_749,20190108,0.0986,0.1212,0.0612
sg,sg,20200110_140816517652_749,20190108,0.105,0.1314,0.0637
sg,sg,20200110_140816517652_749,20190108,0.107,0.1422,0.0671
sg,sg,20200110_140816517652_749,20190108,0.1282,0.1668,0.0766
sg,sg,20200110_141056784149_259,20190108,0.0972,0.091,0.0151
sg,sg,20200110_141056784149_259,20190108,0.0965,0.0902,0.0155
sg,sg,20200110_141056784149_259,20190108,0.0961,0.0929,0.0149
sg,sg,20200110_141056784149_259,20190108,0.0869,0.0854,0.0142
sg,sg,20200110_141056784149_259,20190108,0.0907,0.0886,0.0141
sg,sg,20200110_141122132327_561,20190108,0.0769,0.1026,0.0691
sg,sg,20200110_141122132327_561,20190108,0.073,0.0938,0.0652
sg,sg,20200110_141122132327_561,20190108,0.0802,0.1084,0.0709
sg,sg,20200110_141449872662_122,20190108,0.0877,0.097,0.0229
sg,sg,20200110_141449872662_122,20190108,0.0863,0.0977,0.0237
sg,sg,20200110_141449872662_122,20190108,0.0889,0.1001,0.0237
sg,sg,20200110_141449872662_122,20190108,0.0875,0.0974,0.0223
sg,sg,20200110_141449872662_122,20190108,0.0875,0.0982,0.0247
sg,sg,20200110_141449872662_122,20190108,0.0921,0.1007,0.0241
sg,sg,20200110_141449872662_122,20190108,0.0888,0.0973,0.0217
sg,sg,20200110_141449872662_122,20190108,0.0887,0.1022,0.026
sg,sg,20200110_141449872662_122,20190108,0.0921,0.1026,0.0257
nsg,nsg,20200110_141537347638_500,20190108,0.0434,0.0681,0.036
nsg,nsg,20200110_141537347638_500,20190108,0.0395,0.0658,0.0376
nsg,nsg,20200110_141537347638_500,20190108,0.0447,0.0651,0.0356
nsg,nsg,20200110_141537347638_500,20190108,0.0417,0.0691,0.0383
nsg,nsg,20200110_141537347638_500,20190108,0.0421,0.068,0.0364
nsg,nsg,20200110_141537347638_500,20190108,0.0359,0.0672,0.0361
sg,sg,20200110_141651002626_550,20190108,0.0741,0.0747,0.014
sg,sg,20200110_141651002626_550,20190108,0.0782,0.078,0.0143
sg,sg,20200110_141651002626_550,20190108,0.0843,0.0822,0.0126
sg,sg,20200110_141800039855_699,20190108,0.15,0.1774,0.0776
sg,sg,20200110_141800039855_699,20190108,0.15,0.1764,0.0752
sg,sg,20200110_141800039855_699,20190108,0.1454,0.1764,0.0738
sg,sg,20200110_141800039855_699,20190108,0.1516,0.1794,0.0752
sg,sg,20200110_141835835646_154,20190108,0.0372,0.0653,0.0422
sg,sg,20200110_141835835646_154,20190108,0.0455,0.0672,0.0485
sg,sg,20200110_141835835646_154,20190108,0.0375,0.0605,0.0442
sg,sg,20200110_141912897140_902,20190108,0.0597,0.0769,0.0461
sg,sg,20200110_141912897140_902,20190108,0.0772,0.1058,0.058
sg,sg,20200110_141912897140_902,20190108,0.072,0.0989,0.0577
sg,sg,20200110_141912897140_902,20190108,0.0615,0.0879,0.0525
sg,sg,20200110_141912897140_902,20190108,0.0586,0.0857,0.0509
sg,sg,20200110_141912897140_902,20190108,0.0689,0.0965,0.0563
sg,sg,20200110_141912897140_902,20190108,0.0713,0.1007,0.0571
sg,sg,20200110_142104895561_927,20190108,0.1266,0.1348,0.028
sg,sg,20200110_142104895561_927,20190108,0.1266,0.1376,0.0304
sg,sg,20200110_142104895561_927,20190108,0.1182,0.1302,0.0308
sg,sg,20200110_142104895561_927,20190108,0.1208,0.13,0.0306
nsg,nsg,20200110_142535817468_756,20190108,0.309,0.345,0.178
nsg,nsg,20200110_142535817468_756,20190108,0.3216,0.3674,0.1866
nsg,nsg,20200110_142535817468_756,20190108,0.3028,0.3486,0.1814
nsg,nsg,20200110_142535817468_756,20190108,0.2778,0.3244,0.1588
nsg,nsg,20200110_142535817468_756,20190108,0.2942,0.342,0.1694
nsg,nsg,20200110_142535817468_756,20190108,0.3096,0.3632,0.1842
nsg,nsg,20200110_142633104533_161,20190108,0.261,0.3064,0.1354
nsg,nsg,20200110_142633104533_161,20190108,0.264,0.3076,0.1338
nsg,nsg,20200110_142633104533_161,20190108,0.2644,0.3104,0.1362
nsg,nsg,20200110_142633104533_161,20190108,0.2674,0.31,0.137
nsg,nsg,20200110_142633104533_161,20190108,0.2624,0.3106,0.141
nsg,nsg,20200110_142633104533_161,20190108,0.2614,0.3096,0.1396
nsg,nsg,20200110_142633104533_161,20190108,0.2542,0.3032,0.1322
nsg,nsg,20200110_142633104533_161,20190108,0.2598,0.3012,0.131
nsg,nsg,20200110_142633104533_161,20190108,0.268,0.314,0.142
nsg,nsg,20200110_142633104533_161,20190108,0.2674,0.3118,0.1402
nsg,nsg,20200110_142633104533_161,20190108,0.2542,0.2994,0.1334
nsg,nsg,20200110_142633104533_161,20190108,0.2588,0.3002,0.1322
nsg,nsg,20200110_142633104533_161,20190108,0.2722,0.3154,0.1428
nsg,nsg,20200110_142633104533_161,20190108,0.2724,0.3166,0.1424
nsg,nsg,20200110_142633104533_161,20190108,0.2674,0.3122,0.1412
nsg,nsg,20200110_142633104533_161,20190108,0.2636,0.3104,0.1382
nsg,nsg,20200110_142633104533_161,20190108,0.2762,0.3206,0.1454
nsg,nsg,20200110_142633104533_161,20190108,0.2724,0.316,0.1424
nsg,nsg,20200110_142633104533_161,20190108,0.2714,0.3122,0.1402
nsg,nsg,20200110_142700856014_241,20190108,0.2934,0.3168,0.1138
nsg,nsg,20200110_142700856014_241,20190108,0.2922,0.3156,0.1112
nsg,nsg,20200110_142700856014_241,20190108,0.2874,0.3096,0.1124
nsg,nsg,20200110_142802096928_856,20190108,0.1552,0.1894,0.0813
nsg,nsg,20200110_142802096928_856,20190108,0.157,0.1916,0.0825
nsg,nsg,20200110_142802096928_856,20190108,0.1624,0.1932,0.085
nsg,nsg,20200110_142903406763_833,20190108,0.2806,0.3184,0.1372
nsg,nsg,20200110_142903406763_833,20190108,0.2796,0.32,0.1356
nsg,nsg,20200110_142903406763_833,20190108,0.2834,0.3188,0.1376
nsg,nsg,20200110_142903406763_833,20190108,0.2778,0.315,0.138
nsg,nsg,20200110_142903406763_833,20190108,0.274,0.3128,0.1356
nsg,nsg,20200110_142903406763_833,20190108,0.2758,0.3096,0.1338
nsg,nsg,20200110_143008338281_109,20190108,0.212,0.197,0.025
nsg,nsg,20200110_143008338281_109,20190108,0.213,0.2018,0.0271
nsg,nsg,20200110_143008338281_109,20190108,0.2098,0.1992,0.0261
nsg,nsg,20200110_143008338281_109,20190108,0.205,0.1968,0.0271
nsg,nsg,20200110_143008338281_109,20190108,0.2104,0.201,0.0289
nsg,nsg,20200110_143008338281_109,20190108,0.2106,0.2036,0.0295
nsg,nsg,20200110_143030661959_119,20190108,0.2576,0.238,0.0367
nsg,nsg,20200110_143030661959_119,20190108,0.2624,0.239,0.0358
nsg,nsg,20200110_143030661959_119,20190108,0.2708,0.246,0.0367
nsg,nsg,20200110_143030661959_119,20190108,0.2728,0.2448,0.0376
nsg,nsg,20200110_143030661959_119,20190108,0.2718,0.2468,0.0374
nsg,nsg,20200110_143050635347_783,20190108,0.1436,0.1164,0.011
nsg,nsg,20200110_143050635347_783,20190108,0.1422,0.1158,0.0113
nsg,nsg,20200110_143050635347_783,20190108,0.1432,0.1164,0.0116
sg,sg,20200110_143140715804_439,20190108,0.1015,0.1062,0.0188
sg,sg,20200110_143140715804_439,20190108,0.1021,0.1084,0.0175
sg,sg,20200110_143140715804_439,20190108,0.0958,0.0982,0.0175
sg,sg,20200110_143140715804_439,20190108,0.0977,0.101,0.0169
sg,sg,20200110_143207369976_937,20190108,0.1028,0.1192,0.0194
sg,sg,20200110_143207369976_937,20190108,0.0966,0.1096,0.0189
sg,sg,20200110_143207369976_937,20190108,0.0979,0.1134,0.0181
sg,sg,20200110_143207369976_937,20190108,0.0984,0.1094,0.0186
sg,sg,20200110_143207369976_937,20190108,0.0966,0.105,0.0174
sg,sg,20200110_143207369976_937,20190108,0.0927,0.1072,0.0178
sg,sg,20200110_143235925607_719,20190108,0.13,0.1382,0.039
sg,sg,20200110_143235925607_719,20190108,0.13,0.139,0.036
sg,sg,20200110_143235925607_719,20190108,0.127,0.1338,0.0322
nsg,nsg,20200110_143400478072_746,20190108,0.1486,0.1202,0.0127
nsg,nsg,20200110_143400478072_746,20190108,0.1494,0.1208,0.0119
nsg,nsg,20200110_143400478072_746,20190108,0.1526,0.1234,0.0111
nsg,nsg,20200110_143518947265_903,20190108,0.3248,0.4062,0.4944
nsg,nsg,20200110_143518947265_903,20190108,0.3422,0.4212,0.4074
nsg,nsg,20200110_143518947265_903,20190108,0.2842,0.3518,0.4172
nsg,nsg,20200110_143518947265_903,20190108,0.3494,0.4392,0.4188
nsg,nsg,20200110_143541157645_747,20190108,0.3118,0.364,0.2014
nsg,nsg,20200110_143541157645_747,20190108,0.3106,0.3618,0.199
nsg,nsg,20200110_143541157645_747,20190108,0.3064,0.356,0.199
nsg,nsg,20200110_143541157645_747,20190108,0.3054,0.3542,0.1974
nsg,nsg,20200110_143541157645_747,20190108,0.3044,0.357,0.1952
nsg,nsg,20200110_143541157645_747,20190108,0.301,0.3532,0.1942
nsg,nsg,20200110_143639584083_331,20190108,0.196,0.223,0.0873
nsg,nsg,20200110_143639584083_331,20190108,0.184,0.2084,0.0875
nsg,nsg,20200110_143639584083_331,20190108,0.2066,0.2476,0.1042
nsg,nsg,20200110_143639584083_331,20190108,0.1964,0.239,0.1006
sg,sg,20200110_143755498585_637,20190108,0.055,0.0752,0.015
sg,sg,20200110_143755498585_637,20190108,0.0572,0.0717,0.0151
sg,sg,20200110_143755498585_637,20190108,0.0523,0.0672,0.014
nsg,nsg,20200110_143842041538_895,20190108,0.2014,0.1798,0.0212
nsg,nsg,20200110_143842041538_895,20190108,0.2028,0.1838,0.0229
nsg,nsg,20200110_143842041538_895,20190108,0.1966,0.1798,0.0222
nsg,nsg,20200110_143842041538_895,20190108,0.1888,0.175,0.023
nsg,nsg,20200110_143903355046_527,20190108,0.3418,0.3828,0.2212
nsg,nsg,20200110_143903355046_527,20190108,0.34,0.388,0.2296
nsg,nsg,20200110_143903355046_527,20190108,0.3332,0.3914,0.2348
nsg,nsg,20200110_143903355046_527,20190108,0.3332,0.386,0.232
nsg,nsg,20200110_143903355046_527,20190108,0.3288,0.3742,0.2194
nsg,nsg,20200110_143903355046_527,20190108,0.3418,0.3882,0.2174
nsg,nsg,20200110_143903355046_527,20190108,0.3418,0.3924,0.2302
nsg,nsg,20200110_143903355046_527,20190108,0.343,0.3898,0.2298
nsg,nsg,20200110_143903355046_527,20190108,0.3352,0.3804,0.2236
nsg,nsg,20200110_143903355046_527,20190108,0.3332,0.3882,0.2232
nsg,nsg,20200110_143903355046_527,20190108,0.3194,0.3706,0.2132
nsg,nsg,20200110_143903355046_527,20190108,0.3288,0.3784,0.2194
nsg,nsg,20200110_143903355046_527,20190108,0.3394,0.3882,0.2238
nsg,nsg,20200110_143903355046_527,20190108,0.3332,0.3834,0.221
nsg,nsg,20200110_143903355046_527,20190108,0.332,0.3804,0.2228
nsg,nsg,20200110_143950769492_771,20190108,0.039,0.0656,0.0597
nsg,nsg,20200110_143950769492_771,20190108,0.046,0.0705,0.0675
nsg,nsg,20200110_143950769492_771,20190108,0.0455,0.0716,0.0674
nsg,nsg,20200110_143950769492_771,20190108,0.051,0.0783,0.0674
sg,sg,20200110_144158124979_876,20190108,0.1608,0.1978,0.0756
sg,sg,20200110_144158124979_876,20190108,0.1664,0.2032,0.0794
sg,sg,20200110_144158124979_876,20190108,0.1596,0.196,0.078
sg,sg,20200110_144158124979_876,20190108,0.1518,0.1892,0.0714
nsg,nsg,20200110_144344171675_610,20190108,0.1328,0.1984,0.0896
nsg,nsg,20200110_144344171675_610,20190108,0.1256,0.1908,0.0865
nsg,nsg,20200110_144344171675_610,20190108,0.1326,0.1918,0.0892
nsg,nsg,20200110_144344171675_610,20190108,0.1322,0.1892,0.0883
nsg,nsg,20200110_144344171675_610,20190108,0.1266,0.1908,0.0846
nsg,nsg,20200110_144432488715_829,20190108,0.1232,0.1724,0.0613
nsg,nsg,20200110_144432488715_829,20190108,0.1232,0.178,0.0659
nsg,nsg,20200110_144432488715_829,20190108,0.125,0.181,0.0666
nsg,nsg,20200110_144432488715_829,20190108,0.1232,0.1742,0.0625
nsg,nsg,20200110_144432488715_829,20190108,0.1238,0.1774,0.0618
nsg,nsg,20200110_144432488715_829,20190108,0.126,0.1764,0.0641
nsg,nsg,20200110_144432488715_829,20190108,0.126,0.1806,0.065
nsg,nsg,20200110_144432488715_829,20190108,0.1266,0.181,0.0631
nsg,nsg,20200110_144432488715_829,20190108,0.1292,0.1792,0.0604
nsg,nsg,20200110_144432488715_829,20190108,0.122,0.1742,0.0597
nsg,nsg,20200110_144432488715_829,20190108,0.1214,0.1772,0.0597
nsg,nsg,20200110_144432488715_829,20190108,0.1226,0.1782,0.0624
nsg,nsg,20200110_144432488715_829,20190108,0.1246,0.1768,0.0592
nsg,nsg,20200110_144432488715_829,20190108,0.1276,0.1786,0.0614
nsg,nsg,20200110_144432488715_829,20190108,0.1226,0.175,0.0613
nsg,nsg,20200110_144432488715_829,20190108,0.126,0.1776,0.0619
nsg,nsg,20200110_144432488715_829,20190108,0.1262,0.1792,0.0626
nsg,nsg,20200110_144432488715_829,20190108,0.1248,0.1792,0.0618
nsg,nsg,20200110_144432488715_829,20190108,0.1252,0.1792,0.065
nsg,nsg,20200110_144447390142_770,20190108,0.2812,0.3278,0.1594
nsg,nsg,20200110_144447390142_770,20190108,0.2766,0.3282,0.162
nsg,nsg,20200110_144447390142_770,20190108,0.2812,0.3304,0.1588
nsg,nsg,20200110_144447390142_770,20190108,0.284,0.3308,0.1616
nsg,nsg,20200110_144447390142_770,20190108,0.271,0.325,0.1554
nsg,nsg,20200110_144447390142_770,20190108,0.284,0.3342,0.1574
nsg,sg,edit,20190108,0.1726,0.1446,0.0153
nsg,sg,edit,20190108,0.1762,0.1512,0.0169
nsg,sg,edit,20190108,0.1566,0.129,0.0129
nsg,sg,edit,20190108,0.1582,0.1304,0.013
nsg,sg,edit,20190108,0.1578,0.1278,0.0145
nsg,sg,edit,20190108,0.1598,0.1318,0.0144
nsg,sg,edit,20190108,0.165,0.1362,0.0143
nsg,sg,edit,20190108,0.175,0.1476,0.0148
nsg,sg,edit,20190108,0.1766,0.155,0.0158
nsg,sg,edit,20190108,0.1806,0.1598,0.0169
nsg,sg,edit,20190108,0.1626,0.126,0.0128
nsg,sg,edit,20190108,0.1634,0.131,0.0119
nsg,sg,edit,20190108,0.1596,0.1304,0.0132
nsg,sg,edit,20190108,0.16,0.1308,0.0149
nsg,sg,edit,20190108,0.1604,0.1366,0.0134
nsg,sg,edit,20190108,0.166,0.1384,0.0141
nsg,sg,edit,20190108,0.1726,0.1482,0.0141
nsg,sg,edit,20190108,0.1772,0.1558,0.0167
nsg,sg,edit,20190108,0.1792,0.1604,0.0167
nsg,sg,edit,20190108,0.1594,0.1274,0.0144
nsg,sg,edit,20190108,0.1596,0.1302,0.0126
nsg,sg,edit,20190108,0.1596,0.1278,0.0132
nsg,sg,edit,20190108,0.1588,0.1318,0.0136
nsg,sg,edit,20190108,0.1612,0.1362,0.0129
nsg,sg,edit,20190108,0.1686,0.1434,0.0134
nsg,sg,edit,20190108,0.1736,0.1478,0.0158
nsg,sg,edit,20190108,0.1764,0.158,0.0172
nsg,sg,edit,20190108,0.1764,0.161,0.0162
nsg,sg,edit,20190108,0.1578,0.1306,0.0127
nsg,sg,edit,20190108,0.1604,0.131,0.0119
nsg,sg,edit,20190108,0.1616,0.1348,0.0125
nsg,sg,edit,20190108,0.1666,0.1366,0.0136
nsg,sg,edit,20190108,0.17,0.147,0.0138
nsg,sg,edit,20190108,0.1732,0.152,0.0155
nsg,sg,edit,20190108,0.1764,0.1592,0.0169
nsg,sg,edit,20190108,0.1828,0.165,0.0171
nsg,sg,edit,20190108,0.186,0.165,0.0186
nsg,sg,edit,20190108,0.162,0.1334,0.0122
nsg,sg,edit,20190108,0.1626,0.1388,0.0125
nsg,sg,edit,20190108,0.1684,0.1406,0.013
nsg,sg,edit,20190108,0.1698,0.1434,0.0131
nsg,sg,edit,20190108,0.1708,0.1512,0.0141
nsg,sg,edit,20190108,0.1726,0.1552,0.0167
nsg,sg,edit,20190108,0.1764,0.1582,0.0161
nsg,sg,edit,20190108,0.1614,0.1322,0.0127
nsg,sg,edit,20190108,0.1686,0.1376,0.0132
nsg,sg,edit,20190108,0.1716,0.144,0.0134
nsg,sg,edit,20190108,0.1724,0.1478,0.0141
nsg,sg,edit,20190108,0.1762,0.151,0.0147
nsg,sg,edit,20190108,0.1686,0.141,0.0132
nsg,sg,edit,20190108,0.1724,0.1438,0.0125
nsg,nsg,edit,20190108,0.1562,0.1266,0.0101
nsg,nsg,edit,20190108,0.1594,0.121,0.0091
nsg,nsg,edit,20190108,0.1614,0.1338,0.0133
nsg,nsg,edit,20190108,0.1592,0.1286,0.0092
nsg,nsg,edit,20190108,0.1566,0.1246,0.0105
nsg,nsg,edit,20190108,0.1472,0.1208,0.0095
nsg,nsg,edit,20190108,0.1466,0.1166,0.0088
nsg,nsg,edit,20190108,0.1472,0.1172,0.0094
nsg,nsg,edit,20190108,0.1554,0.1254,0.0102
nsg,nsg,edit,20190108,0.1496,0.1222,0.0105
nsg,nsg,edit,20190108,0.1444,0.1154,0.0079
nsg,nsg,edit,20190108,0.1478,0.1156,0.0082
nsg,nsg,edit,20190108,0.1472,0.1148,0.0081
nsg,nsg,edit,20190108,0.151,0.1268,0.0107
nsg,nsg,edit,20190108,0.1418,0.1188,0.0096
nsg,nsg,edit,20190108,0.1352,0.1104,0.0086
nsg,nsg,edit,20190108,0.1374,0.114,0.008
nsg,nsg,edit,20190108,0.144,0.1266,0.011
nsg,nsg,edit,20190108,0.1318,0.1156,0.0115
nsg,nsg,edit,20190108,0.1288,0.1078,0.009
nsg,nsg,edit,20190108,0.1154,0.0979,0.0097
nsg,nsg,edit,20190108,0.1364,0.1216,0.0118
nsg,nsg,edit,20190108,0.136,0.1224,0.0122
nsg,nsg,edit,20190108,0.135,0.1258,0.0121
nsg,nsg,edit,20190108,0.1392,0.126,0.0126
nsg,nsg,edit,20190108,0.1376,0.123,0.0129
nsg,nsg,edit,20190108,0.1414,0.1224,0.0122
nsg,nsg,edit,20190108,0.1388,0.1232,0.0115
nsg,nsg,edit,20190108,0.14,0.1234,0.0122
nsg,nsg,edit,20190108,0.1384,0.1216,0.0114
nsg,nsg,edit,20190108,0.139,0.1204,0.013
nsg,nsg,edit,20190108,0.1452,0.1274,0.0109
nsg,nsg,edit,20190108,0.1478,0.1292,0.0111
nsg,nsg,edit,20190108,0.1418,0.1284,0.0121
nsg,nsg,edit,20190108,0.1434,0.1258,0.0125
nsg,nsg,edit,20190108,0.141,0.125,0.0111
nsg,nsg,edit,20190108,0.144,0.127,0.0129
nsg,nsg,edit,20190108,0.152,0.1318,0.0122
nsg,nsg,edit,20190108,0.1574,0.1322,0.011
nsg,nsg,edit,20190108,0.1494,0.1334,0.012
nsg,nsg,edit,20190108,0.1488,0.1344,0.0114
nsg,nsg,edit,20190108,0.1588,0.1366,0.0123
nsg,nsg,edit,20190108,0.166,0.1362,0.0116
nsg,nsg,edit,20190108,0.16,0.1388,0.0117
nsg,nsg,edit,20190108,0.1606,0.1384,0.0111
nsg,nsg,edit,20190108,0.166,0.1412,0.0114
nsg,nsg,edit,20190108,0.0452,0.0726,0.0339
nsg,nsg,edit,20190108,0.0439,0.0664,0.0319
nsg,nsg,edit,20190108,0.0457,0.07,0.0318
nsg,nsg,edit,20190108,0.0501,0.0752,0.0341
nsg,nsg,edit,20190108,0.0428,0.0645,0.0321
nsg,nsg,edit,20190108,0.0245,0.0484,0.0248
nsg,nsg,edit,20190108,0.0236,0.0486,0.0254
nsg,nsg,edit,20190108,0.0328,0.0532,0.0235
nsg,nsg,edit,20190108,0.081,0.104,0.041
nsg,nsg,edit,20190108,0.0364,0.0589,0.0271
nsg,nsg,edit,20190108,0.0234,0.0455,0.0248
nsg,nsg,edit,20190108,0.0271,0.052,0.0242
nsg,nsg,edit,20190108,0.0769,0.0962,0.0373
nsg,nsg,edit,20190108,0.047,0.0655,0.0274
nsg,nsg,edit,20190108,0.0432,0.0582,0.0251
nsg,nsg,edit,20190108,0.0567,0.0691,0.0302
sg,sg,edit,20190108,0.1198,0.1738,0.1434
sg,sg,edit,20190108,0.1192,0.1542,0.126
sg,sg,edit,20190108,0.1618,0.1942,0.1366
sg,sg,edit,20190108,0.1338,0.1694,0.1202
sg,sg,edit,20190108,0.0969,0.1358,0.0932
sg,sg,edit,20190108,0.0986,0.1498,0.0921
sg,sg,edit,20190108,0.152,0.1982,0.1222
sg,sg,edit,20190108,0.106,0.1396,0.0992
sg,sg,edit,20190108,0.1366,0.1682,0.1126
sg,sg,edit,20190108,0.1544,0.2066,0.1392
sg,sg,edit,20190108,0.104,0.145,0.0881
sg,sg,edit,20190108,0.1804,0.2364,0.1674
sg,sg,edit,20190108,0.1802,0.2384,0.1824
sg,sg,edit,20190108,0.1174,0.1498,0.117
sg,sg,edit,20190108,0.1482,0.1926,0.1396
sg,sg,edit,20190108,0.1266,0.1614,0.1094
sg,sg,edit,20190108,0.1648,0.2234,0.1556
sg,sg,edit,20190108,0.129,0.1826,0.1384
sg,sg,edit,20190108,0.141,0.1842,0.1198
sg,sg,edit,20190108,0.1622,0.2124,0.1498
sg,sg,edit,20190108,0.136,0.1954,0.1602
sg,sg,edit,20190108,0.1004,0.1422,0.1046
sg,sg,edit,20190108,0.114,0.1626,0.1114
sg,sg,edit,20190108,0.1292,0.177,0.1256
sg,sg,edit,20190108,0.106,0.1482,0.1148
sg,sg,edit,20190108,0.105,0.1406,0.1192
sg,sg,edit,20190108,0.1292,0.1726,0.14
sg,sg,edit,20190108,0.1938,0.2536,0.1676
sg,sg,edit,20190108,0.1528,0.2138,0.1412
sg,sg,edit,20190108,0.1748,0.221,0.149
sg,sg,edit,20190108,0.233,0.2884,0.2104
sg,sg,edit,20190108,0.2108,0.2542,0.2098
sg,sg,edit,20190108,0.2156,0.2692,0.21
sg,sg,edit,20190108,0.1768,0.221,0.0973
sg,sg,edit,20190108,0.175,0.2046,0.092
sg,sg,edit,20190108,0.1792,0.2092,0.0928
sg,sg,edit,20190108,0.1698,0.2032,0.0896
sg,sg,edit,20190108,0.257,0.3352,0.25
sg,sg,edit,20190108,0.223,0.2978,0.2332
sg,sg,edit,20190108,0.2218,0.2912,0.2274
sg,sg,edit,20190108,0.2208,0.289,0.2248
sg,sg,edit,20190108,0.1804,0.238,0.1926
sg,sg,edit,20190108,0.187,0.2518,0.1864
sg,sg,20200111_125624177373_477,20190128,0.106,0.1316,0.0407
sg,sg,20200111_125624177373_477,20190128,0.1034,0.1256,0.0347
sg,sg,20200111_125624177373_477,20190128,0.1012,0.1224,0.0333
sg,sg,20200111_125624177373_477,20190128,0.1046,0.1306,0.0417
sg,sg,20200111_125624177373_477,20190128,0.1042,0.1264,0.0354
sg,sg,20200111_125624177373_477,20190128,0.1038,0.1252,0.0303
sg,sg,20200111_125624177373_477,20190128,0.1076,0.1324,0.0414
sg,sg,20200111_125624177373_477,20190128,0.1096,0.1324,0.0357
sg,sg,20200111_125624177373_477,20190128,0.1002,0.1252,0.0315
sg,sg,20200111_125705097946_434,20190128,0.088,0.1166,0.0655
sg,sg,20200111_125705097946_434,20190128,0.0938,0.1214,0.0705
sg,sg,20200111_125705097946_434,20190128,0.0965,0.1266,0.0738
sg,sg,20200111_125705097946_434,20190128,0.0924,0.1226,0.0697
sg,sg,20200111_125705097946_434,20190128,0.0943,0.1226,0.0722
sg,sg,20200111_125705097946_434,20190128,0.089,0.1216,0.0671
sg,sg,20200111_125705097946_434,20190128,0.0905,0.1164,0.0695
sg,sg,20200111_125705097946_434,20190128,0.0887,0.1158,0.0651
sg,sg,20200111_125705097946_434,20190128,0.0921,0.116,0.0684
sg,sg,20200111_125705097946_434,20190128,0.088,0.113,0.0638
sg,sg,20200111_125705097946_434,20190128,0.0936,0.1192,0.0693
sg,sg,20200111_125705097946_434,20190128,0.0877,0.1148,0.0656
sg,sg,20200111_125856882106_726,20190128,0.0703,0.0807,0.03
sg,sg,20200111_125856882106_726,20190128,0.0695,0.0822,0.0279
sg,sg,20200111_125856882106_726,20190128,0.0788,0.0922,0.0333
sg,sg,20200111_125856882106_726,20190128,0.0727,0.0833,0.031
sg,sg,20200111_125856882106_726,20190128,0.0722,0.0819,0.0296
sg,sg,20200111_125856882106_726,20190128,0.0802,0.0899,0.0334
sg,sg,20200111_125856882106_726,20190128,0.0776,0.0905,0.0328
sg,sg,20200111_125856882106_726,20190128,0.077,0.0871,0.0331
sg,sg,20200111_125856882106_726,20190128,0.0775,0.0915,0.0328
sg,sg,20200111_125923491463_599,20190128,0.073,0.0778,0.0275
sg,sg,20200111_125923491463_599,20190128,0.0688,0.075,0.0287
sg,sg,20200111_125923491463_599,20190128,0.0681,0.0763,0.0283
sg,sg,20200111_125923491463_599,20190128,0.0751,0.0793,0.0278
sg,sg,20200111_125923491463_599,20190128,0.0714,0.0774,0.0294
sg,sg,20200111_125923491463_599,20190128,0.0715,0.0804,0.0277
sg,sg,20200111_125923491463_599,20190128,0.0725,0.078,0.0291
sg,sg,20200111_125923491463_599,20190128,0.0733,0.0776,0.0278
sg,sg,20200111_125923491463_599,20190128,0.0703,0.0772,0.0265
sg,sg,20200111_125952731649_744,20190128,0.0673,0.0909,0.0551
sg,sg,20200111_125952731649_744,20190128,0.0693,0.0947,0.0541
sg,sg,20200111_125952731649_744,20190128,0.0727,0.0939,0.0539
sg,sg,20200111_125952731649_744,20190128,0.0765,0.0963,0.0554
sg,sg,20200111_130133778751_905,20190128,0.117,0.1384,0.0616
sg,sg,20200111_130133778751_905,20190128,0.1158,0.143,0.0626
sg,sg,20200111_130133778751_905,20190128,0.1178,0.145,0.0666
sg,sg,20200111_130133778751_905,20190128,0.1138,0.1438,0.0664
sg,sg,20200111_130227147367_678,20190128,0.1312,0.1574,0.0832
sg,sg,20200111_130227147367_678,20190128,0.1266,0.1556,0.083
sg,sg,20200111_130254163338_211,20190128,0.1274,0.1346,0.0435
sg,sg,20200111_130254163338_211,20190128,0.1256,0.1302,0.042
sg,sg,20200111_130254163338_211,20190128,0.1266,0.1358,0.0419
sg,sg,20200111_130254163338_211,20190128,0.1256,0.1326,0.0419
sg,sg,20200111_130254163338_211,20190128,0.1302,0.138,0.043
sg,sg,20200111_130254163338_211,20190128,0.1284,0.1344,0.042
sg,sg,20200111_130527534083_197,20190128,0.1084,0.1078,0.0283
sg,sg,20200111_130527534083_197,20190128,0.1076,0.1066,0.0255
sg,sg,20200111_130527534083_197,20190128,0.1108,0.1064,0.026
sg,sg,20200111_130527534083_197,20190128,0.0991,0.1005,0.0288
sg,sg,20200111_130527534083_197,20190128,0.092,0.0932,0.024
sg,sg,20200111_130527534083_197,20190128,0.1032,0.0952,0.0233
sg,sg,20200111_130612466985_198,20190128,0.1898,0.2536,0.1918
sg,sg,20200111_130612466985_198,20190128,0.1576,0.2112,0.1624
sg,sg,20200111_130612466985_198,20190128,0.1694,0.202,0.1416
sg,sg,20200111_130612466985_198,20190128,0.2018,0.269,0.1904
sg,sg,20200111_130612466985_198,20190128,0.1416,0.1842,0.1478
sg,sg,20200111_130612466985_198,20190128,0.1328,0.1778,0.136
sg,sg,20200111_130612466985_198,20190128,0.1666,0.2036,0.1548
sg,sg,20200111_130711521589_504,20190128,0.1248,0.1174,0.0299
sg,sg,20200111_130753029305_741,20190128,0.1282,0.1288,0.0288
sg,sg,20200111_131123971244_275,20190128,0.0642,0.0898,0.0527
sg,sg,20200111_131123971244_275,20190128,0.0835,0.1094,0.0589
sg,sg,20200111_131123971244_275,20190128,0.0793,0.1084,0.0657
sg,sg,20200111_131513542433_772,20190128,0.1176,0.145,0.0795
sg,sg,20200111_131513542433_772,20190128,0.1204,0.1424,0.0799
sg,sg,20200111_131513542433_772,20190128,0.1144,0.1378,0.0747
sg,sg,20200111_131513542433_772,20190128,0.116,0.1358,0.0756
sg,sg,20200111_131743835183_158,20190128,0.2038,0.2378,0.109
sg,sg,20200111_131743835183_158,20190128,0.2064,0.2434,0.1134
sg,sg,20200111_131743835183_158,20190128,0.2058,0.2382,0.1034
sg,sg,20200111_131743835183_158,20190128,0.1982,0.2342,0.108
sg,sg,20200111_131844909259_531,20190128,0.1488,0.159,0.0471
sg,sg,20200111_131844909259_531,20190128,0.1736,0.1762,0.0501
sg,sg,20200111_132125501097_972,20190128,0.1072,0.1062,0.0276
sg,sg,20200111_132125501097_972,20190128,0.0991,0.0957,0.0238
sg,sg,20200111_132125501097_972,20190128,0.0886,0.0929,0.027
sg,sg,20200111_132125501097_972,20190128,0.0835,0.0867,0.0243
sg,sg,20200111_132231738549_744,20190128,0.0719,0.0764,0.026
sg,sg,20200111_132231738549_744,20190128,0.0729,0.0797,0.0232
sg,sg,20200111_132231738549_744,20190128,0.0767,0.0796,0.0265
sg,sg,20200111_132231738549_744,20190128,0.0775,0.0808,0.0257
sg,sg,20200111_132309024469_743,20190128,0.126,0.1568,0.1076
sg,sg,20200111_132309024469_743,20190128,0.1364,0.1636,0.1086
sg,sg,20200111_132309024469_743,20190128,0.1376,0.162,0.1064
nsg,nsg,20200111_132354213312_346,20190128,0.0803,0.1112,0.098
nsg,nsg,20200111_132354213312_346,20190128,0.0777,0.1086,0.0937
nsg,nsg,20200111_132414607233_451,20190128,0.3426,0.3818,0.1804
nsg,nsg,20200111_132414607233_451,20190128,0.334,0.3768,0.1738
nsg,nsg,20200111_132414607233_451,20190128,0.3344,0.3772,0.1736
nsg,nsg,20200111_132414607233_451,20190128,0.3466,0.3876,0.1812
nsg,nsg,20200111_132414607233_451,20190128,0.334,0.3732,0.1702
nsg,nsg,20200111_132414607233_451,20190128,0.334,0.3716,0.1676
nsg,nsg,20200111_132437887152_568,20190128,0.3452,0.366,0.1416
nsg,nsg,20200111_132437887152_568,20190128,0.3352,0.3582,0.1352
nsg,nsg,20200111_132437887152_568,20190128,0.3228,0.3448,0.1356
nsg,nsg,20200111_132437887152_568,20190128,0.345,0.363,0.141
nsg,nsg,20200111_132437887152_568,20190128,0.3356,0.3574,0.1394
nsg,nsg,20200111_132437887152_568,20190128,0.3184,0.3426,0.132
nsg,nsg,20200111_132452656047_857,20190128,0.4264,0.5264,0.5876
nsg,nsg,20200111_132452656047_857,20190128,0.4364,0.5104,0.5348
nsg,nsg,20200111_132513871208_408,20190128,0.2098,0.2386,0.1114
nsg,nsg,20200111_132513871208_408,20190128,0.2348,0.2702,0.1344
nsg,nsg,20200111_132618764946_278,20190128,0.1766,0.201,0.0853
nsg,nsg,20200111_132618764946_278,20190128,0.2194,0.2718,0.2166
nsg,nsg,20200111_132618764946_278,20190128,0.1648,0.1988,0.105
nsg,nsg,20200111_132714677930_103,20190128,0.2732,0.2878,0.1118
nsg,nsg,20200111_132714677930_103,20190128,0.2756,0.2894,0.1056
nsg,nsg,20200111_132714677930_103,20190128,0.27,0.3098,0.1122
nsg,nsg,20200111_132745467341_404,20190128,0.1772,0.1538,0.0275
nsg,nsg,20200111_132745467341_404,20190128,0.1822,0.1566,0.0291
nsg,nsg,20200111_132745467341_404,20190128,0.187,0.1606,0.0287
nsg,nsg,20200111_132745467341_404,20190128,0.1874,0.1608,0.0283
nsg,nsg,20200111_132745467341_404,20190128,0.1818,0.1558,0.0294
nsg,nsg,20200111_132745467341_404,20190128,0.1832,0.157,0.029
nsg,nsg,20200111_132745467341_404,20190128,0.1854,0.1574,0.0277
nsg,nsg,20200111_132745467341_404,20190128,0.1878,0.1602,0.0283
nsg,nsg,20200111_132745467341_404,20190128,0.1898,0.1614,0.0284
nsg,nsg,20200111_132745467341_404,20190128,0.1832,0.1588,0.0281
nsg,nsg,20200111_132745467341_404,20190128,0.1872,0.1582,0.0281
nsg,nsg,20200111_132745467341_404,20190128,0.191,0.1622,0.0282
nsg,nsg,20200111_132745467341_404,20190128,0.1902,0.163,0.0283
nsg,nsg,20200111_132745467341_404,20190128,0.194,0.1654,0.0287
nsg,nsg,20200111_132745467341_404,20190128,0.1874,0.162,0.028
nsg,nsg,20200111_132745467341_404,20190128,0.1904,0.1606,0.0282
nsg,nsg,20200111_132745467341_404,20190128,0.1944,0.1666,0.0282
nsg,nsg,20200111_132745467341_404,20190128,0.198,0.166,0.0275
nsg,nsg,20200111_132745467341_404,20190128,0.1982,0.1686,0.0287
nsg,nsg,20200111_132837958819_748,20190128,0.1482,0.2124,0.1036
nsg,nsg,20200111_132837958819_748,20190128,0.1378,0.2044,0.0985
nsg,nsg,20200111_132837958819_748,20190128,0.131,0.1996,0.0999
nsg,nsg,20200111_132837958819_748,20190128,0.149,0.2154,0.107
nsg,nsg,20200111_132837958819_748,20190128,0.14,0.2122,0.1023
nsg,nsg,20200111_132837958819_748,20190128,0.1346,0.2034,0.1009
nsg,nsg,20200111_132837958819_748,20190128,0.146,0.2144,0.1026
nsg,nsg,20200111_132837958819_748,20190128,0.1356,0.1996,0.1001
nsg,nsg,20200111_132837958819_748,20190128,0.1404,0.192,0.0974
nsg,nsg,20200111_132837958819_748,20190128,0.1334,0.205,0.095
nsg,nsg,20200111_132837958819_748,20190128,0.133,0.2008,0.0955
nsg,nsg,20200111_132837958819_748,20190128,0.148,0.203,0.1015
nsg,nsg,20200111_132837958819_748,20190128,0.1284,0.2008,0.0952
nsg,nsg,20200111_132837958819_748,20190128,0.1294,0.1992,0.0952
nsg,nsg,20200111_132837958819_748,20190128,0.1426,0.206,0.1002
nsg,nsg,20200111_132837958819_748,20190128,0.1288,0.2044,0.095
nsg,nsg,20200111_132837958819_748,20190128,0.1232,0.1954,0.0932
nsg,nsg,20200111_132837958819_748,20190128,0.127,0.1988,0.0949
nsg,nsg,20200111_133115517369_751,20190128,0.2146,0.197,0.0393
nsg,nsg,edit,20190128,0.1686,0.2106,0.0948
nsg,nsg,edit,20190128,0.18,0.212,0.0968
nsg,nsg,edit,20190128,0.2232,0.2618,0.1086
nsg,nsg,edit,20190128,0.131,0.1642,0.0847
nsg,nsg,edit,20190128,0.1226,0.1532,0.0787
nsg,nsg,edit,20190128,0.1318,0.17,0.0792
nsg,nsg,edit,20190128,0.1226,0.147,0.0816
nsg,nsg,edit,20190128,0.0777,0.108,0.0639
sg,sg,edit,20190128,0.1566,0.1926,0.1444
sg,sg,edit,20190128,0.1414,0.1844,0.1302
sg,sg,edit,20190128,0.1634,0.2142,0.1466
sg,sg,edit,20190128,0.144,0.1714,0.1222
sg,sg,edit,20190128,0.1634,0.1954,0.13
sg,sg,edit,20190128,0.178,0.215,0.1482
sg,sg,edit,20190128,0.1528,0.1894,0.1324
sg,sg,edit,20190128,0.1678,0.225,0.1818
sg,sg,edit,20190128,0.1322,0.1326,0.0441
sg,sg,edit,20190128,0.1298,0.1326,0.0433
sg,sg,edit,20190128,0.1282,0.1306,0.0422
sg,sg,edit,20190128,0.1276,0.1302,0.043
sg,sg,edit,20190128,0.148,0.2008,0.1464
sg,sg,edit,20190128,0.1522,0.207,0.1562
sg,sg,edit,20190128,0.1314,0.1752,0.1362
sg,sg,edit,20190128,0.172,0.2222,0.1924
sg,sg,edit,20190128,0.139,0.1958,0.1644
sg,sg,edit,20190128,0.2182,0.2754,0.2192
sg,sg,edit,20190128,0.237,0.2862,0.222
sg,sg,edit,20190128,0.2424,0.3162,0.2552
sg,sg,edit,20190128,0.2366,0.31,0.2482
sg,sg,edit,20190128,0.211,0.2818,0.2116
sg,sg,edit,20190128,0.2266,0.288,0.2134
sg,sg,20200111_134007632037_898,20190212,0.0979,0.117,0.0731
sg,sg,20200111_134007632037_898,20190212,0.0971,0.118,0.0753
sg,sg,20200111_134007632037_898,20190212,0.097,0.1196,0.0764
sg,sg,20200111_134007632037_898,20190212,0.0969,0.1256,0.0833
sg,sg,20200111_134007632037_898,20190212,0.0941,0.1202,0.0769
sg,sg,20200111_134024943986_924,20190212,0.0874,0.0929,0.0357
sg,sg,20200111_134024943986_924,20190212,0.087,0.0911,0.0353
sg,sg,20200111_134024943986_924,20190212,0.0842,0.0897,0.0339
sg,sg,20200111_134024943986_924,20190212,0.0828,0.0867,0.0342
sg,sg,20200111_134024943986_924,20190212,0.0844,0.0873,0.0329
sg,sg,20200111_134024943986_924,20190212,0.0826,0.0856,0.0312
sg,sg,20200111_134024943986_924,20190212,0.0777,0.0854,0.0314
sg,sg,20200111_134024943986_924,20190212,0.0771,0.084,0.0319
sg,sg,20200111_134024943986_924,20190212,0.0824,0.0866,0.0308
sg,sg,20200111_134024943986_924,20190212,0.0813,0.0865,0.0313
sg,sg,20200111_134024943986_924,20190212,0.0783,0.084,0.0314
sg,sg,20200111_134055474374_118,20190212,0.136,0.1574,0.0598
sg,sg,20200111_134055474374_118,20190212,0.1218,0.1484,0.0522
sg,sg,20200111_134055474374_118,20190212,0.1202,0.1426,0.0485
sg,sg,20200111_134112001256_297,20190212,0.0747,0.075,0.0263
sg,sg,20200111_134112001256_297,20190212,0.0716,0.0786,0.0289
sg,sg,20200111_134112001256_297,20190212,0.0709,0.0735,0.0269
sg,sg,20200111_134112001256_297,20190212,0.0722,0.0787,0.0276
sg,sg,20200111_134112001256_297,20190212,0.0694,0.0718,0.0291
sg,sg,20200111_134112001256_297,20190212,0.0708,0.0802,0.0284
sg,sg,20200111_134133633416_349,20190212,0.1052,0.1134,0.0385
sg,sg,20200111_134133633416_349,20190212,0.1078,0.116,0.0383
sg,sg,20200111_134133633416_349,20190212,0.109,0.119,0.0361
sg,sg,20200111_134217013441_494,20190212,0.0871,0.1092,0.0666
sg,sg,20200111_134217013441_494,20190212,0.0895,0.1086,0.067
sg,sg,20200111_134257511404_667,20190212,0.14,0.1622,0.0976
sg,sg,20200111_134257511404_667,20190212,0.1428,0.1642,0.0968
sg,sg,20200111_134257511404_667,20190212,0.1462,0.1656,0.0963
sg,sg,20200111_134257511404_667,20190212,0.148,0.167,0.0943
sg,sg,20200111_134314241338_685,20190212,0.1528,0.187,0.1334
sg,sg,20200111_134314241338_685,20190212,0.1432,0.1764,0.1278
sg,sg,20200111_134314241338_685,20190212,0.1358,0.167,0.1138
sg,sg,20200111_134325769845_717,20190212,0.135,0.158,0.1034
sg,sg,20200111_134325769845_717,20190212,0.1422,0.165,0.105
sg,sg,20200111_134325769845_717,20190212,0.1364,0.1536,0.1018
sg,sg,20200111_134325769845_717,20190212,0.1492,0.1666,0.105
sg,sg,20200111_134352058193_353,20190212,0.1432,0.1846,0.119
sg,sg,20200111_134352058193_353,20190212,0.0973,0.1262,0.0913
sg,sg,20200111_134352058193_353,20190212,0.125,0.1618,0.1068
sg,sg,20200111_134352058193_353,20190212,0.0927,0.124,0.0872
sg,sg,20200111_134423865213_140,20190212,0.1932,0.2026,0.0727
sg,sg,20200111_134423865213_140,20190212,0.1814,0.1976,0.0714
sg,sg,20200111_134423865213_140,20190212,0.1774,0.1942,0.0669
sg,sg,20200111_134441354625_926,20190212,0.1856,0.1804,0.0541
sg,sg,20200111_134441354625_926,20190212,0.1856,0.181,0.0503
sg,sg,20200111_134456097067_189,20190212,0.161,0.1592,0.0532
sg,sg,20200111_134456097067_189,20190212,0.158,0.1546,0.0504
sg,sg,20200111_134456097067_189,20190212,0.1556,0.1532,0.0486
sg,sg,20200111_134456097067_189,20190212,0.1512,0.1508,0.0482
sg,sg,20200111_134456097067_189,20190212,0.1558,0.1496,0.0463
sg,sg,20200111_134456097067_189,20190212,0.1494,0.1482,0.051
nsg,nsg,20200111_134713298414_216,20190212,0.0803,0.1098,0.0749
nsg,nsg,20200111_134713298414_216,20190212,0.08,0.11,0.0702
nsg,nsg,20200111_134713298414_216,20190212,0.0853,0.1156,0.0744
nsg,nsg,20200111_134713298414_216,20190212,0.0787,0.11,0.0713
nsg,nsg,20200111_134713298414_216,20190212,0.0907,0.1204,0.0731
nsg,nsg,20200111_134713298414_216,20190212,0.0811,0.112,0.0733
nsg,nsg,20200111_134713298414_216,20190212,0.0877,0.113,0.0736
nsg,nsg,20200111_134713298414_216,20190212,0.0927,0.1218,0.0785
nsg,nsg,20200111_134713298414_216,20190212,0.0819,0.116,0.0746
nsg,nsg,20200111_134713298414_216,20190212,0.078,0.1106,0.0722
nsg,nsg,20200111_134713298414_216,20190212,0.0847,0.1194,0.0783
sg,sg,20200111_134740971345_533,20190212,0.1312,0.1272,0.0358
sg,sg,20200111_134740971345_533,20190212,0.1358,0.1334,0.0349
sg,sg,20200111_134740971345_533,20190212,0.1306,0.1282,0.0369
sg,sg,20200111_134740971345_533,20190212,0.139,0.1378,0.0351
sg,sg,20200111_134752386006_790,20190212,0.119,0.117,0.0411
sg,sg,20200111_134752386006_790,20190212,0.123,0.1196,0.0386
sg,sg,20200111_134752386006_790,20190212,0.1284,0.1204,0.0402
sg,sg,20200111_134752386006_790,20190212,0.129,0.1226,0.0386
sg,sg,20200111_134944594090_740,20190212,0.1542,0.1388,0.0449
sg,sg,20200111_134944594090_740,20190212,0.1564,0.1454,0.046
sg,sg,20200111_134944594090_740,20190212,0.1652,0.1582,0.0464
sg,sg,20200111_134944594090_740,20190212,0.1534,0.1428,0.0429
sg,sg,20200111_134944594090_740,20190212,0.1612,0.151,0.0441
nsg,nsg,20200111_135038739477_447,20190212,0.105,0.132,0.0655
nsg,nsg,20200111_135038739477_447,20190212,0.0967,0.132,0.0642
nsg,nsg,20200111_135038739477_447,20190212,0.1032,0.129,0.0623
nsg,nsg,20200111_135038739477_447,20190212,0.0717,0.0959,0.0554
nsg,nsg,20200111_135038739477_447,20190212,0.0729,0.1036,0.0533
nsg,nsg,20200111_135038739477_447,20190212,0.0865,0.1122,0.0546
nsg,nsg,20200111_135038739477_447,20190212,0.0565,0.0752,0.0476
nsg,nsg,20200111_135038739477_447,20190212,0.0647,0.0858,0.0489
nsg,nsg,20200111_135051538241_564,20190212,0.2978,0.3318,0.136
nsg,nsg,20200111_135051538241_564,20190212,0.3034,0.3328,0.1358
nsg,nsg,20200111_135051538241_564,20190212,0.3138,0.3172,0.1212
nsg,nsg,20200111_135051538241_564,20190212,0.3104,0.336,0.1358
nsg,nsg,20200111_135110499534_476,20190212,0.1588,0.1984,0.0983
nsg,nsg,20200111_135110499534_476,20190212,0.1036,0.146,0.0773
nsg,nsg,20200111_135110499534_476,20190212,0.1023,0.1406,0.0786
nsg,nsg,20200111_135110499534_476,20190212,0.1202,0.1368,0.0869
nsg,nsg,20200111_135110499534_476,20190212,0.0996,0.1368,0.0849
nsg,nsg,20200111_135134162737_873,20190212,0.3632,0.42,0.227
nsg,nsg,20200111_135134162737_873,20190212,0.3124,0.3646,0.2002
nsg,nsg,20200111_135145706377_581,20190212,0.2854,0.3466,0.1796
nsg,nsg,20200111_135145706377_581,20190212,0.2964,0.3508,0.1812
nsg,nsg,20200111_135145706377_581,20190212,0.2964,0.3542,0.179
nsg,nsg,20200111_140717995440_726,20190212,0.0828,0.1178,0.1208
nsg,nsg,20200111_140743419686_612,20190212,0.166,0.1884,0.0702
nsg,nsg,20200111_140743419686_612,20190212,0.1854,0.2168,0.1064
nsg,nsg,20200111_140755177778_139,20190212,0.1946,0.159,0.0348
nsg,nsg,20200111_140755177778_139,20190212,0.1986,0.1614,0.0336
nsg,nsg,20200111_140755177778_139,20190212,0.198,0.16,0.0334
nsg,nsg,20200111_140755177778_139,20190212,0.2002,0.1604,0.0344
nsg,nsg,20200111_140806701461_475,20190212,0.2104,0.1704,0.0372
nsg,nsg,20200111_140806701461_475,20190212,0.2076,0.1692,0.0372
nsg,nsg,20200111_140806701461_475,20190212,0.2078,0.168,0.0362
nsg,nsg,20200111_140942067733_983,20190212,0.2908,0.2728,0.0556
nsg,nsg,20200111_140942067733_983,20190212,0.2946,0.2766,0.06
nsg,nsg,20200111_140942067733_983,20190212,0.2894,0.2714,0.056
nsg,nsg,20200111_140942067733_983,20190212,0.2922,0.2834,0.0604
nsg,nsg,20200111_140942067733_983,20190212,0.2866,0.2776,0.0582
nsg,nsg,20200111_140942067733_983,20190212,0.2908,0.274,0.0564
nsg,nsg,20200111_140942067733_983,20190212,0.2906,0.2686,0.0559
nsg,nsg,20200111_140942067733_983,20190212,0.304,0.292,0.0631
nsg,nsg,20200111_140942067733_983,20190212,0.2964,0.288,0.0626
nsg,nsg,20200111_140942067733_983,20190212,0.2922,0.2832,0.0589
nsg,nsg,20200111_140942067733_983,20190212,0.2872,0.2768,0.0577
nsg,nsg,20200111_140942067733_983,20190212,0.2878,0.2686,0.0555
nsg,nsg,20200111_140942067733_983,20190212,0.302,0.2964,0.0631
nsg,nsg,20200111_140942067733_983,20190212,0.2952,0.2884,0.0619
nsg,nsg,20200111_140942067733_983,20190212,0.294,0.2854,0.0577
nsg,nsg,20200111_140942067733_983,20190212,0.2902,0.2796,0.056
nsg,nsg,20200111_140942067733_983,20190212,0.2888,0.2792,0.06
nsg,nsg,20200111_140942067733_983,20190212,0.2984,0.2932,0.0628
nsg,nsg,20200111_140942067733_983,20190212,0.2902,0.2812,0.0608
nsg,nsg,20200111_140942067733_983,20190212,0.29,0.2802,0.0579
nsg,nsg,20200111_140942067733_983,20190212,0.2836,0.2728,0.0558
nsg,nsg,20200111_140942067733_983,20190212,0.2978,0.2818,0.0602
nsg,nsg,20200111_140942067733_983,20190212,0.2912,0.2828,0.061
nsg,nsg,20200111_140942067733_983,20190212,0.2852,0.2802,0.0627
nsg,nsg,20200111_140942067733_983,20190212,0.288,0.2822,0.0647
nsg,nsg,20200111_140942067733_983,20190212,0.282,0.2742,0.0623
nsg,nsg,20200111_140942067733_983,20190212,0.285,0.2736,0.059
nsg,nsg,20200111_141009300559_240,20190212,0.2476,0.2436,0.051
nsg,nsg,20200111_141009300559_240,20190212,0.2376,0.2378,0.0518
nsg,nsg,20200111_141041096081_964,20190212,0.2342,0.2714,0.1378
nsg,nsg,20200111_141041096081_964,20190212,0.1972,0.2338,0.1272
nsg,nsg,20200111_141041096081_964,20190212,0.2412,0.2872,0.1538
nsg,nsg,20200111_141041096081_964,20190212,0.213,0.2592,0.1432
nsg,nsg,20200111_141102061508_860,20190212,0.0258,0.0605,0.0381
nsg,nsg,20200111_141102061508_860,20190212,0.0243,0.0559,0.0331
nsg,nsg,20200111_141102061508_860,20190212,0.0207,0.051,0.0299
nsg,nsg,20200111_141102061508_860,20190212,0.0274,0.0539,0.0351
nsg,nsg,20200111_141155119056_426,20190212,0.2626,0.2498,0.0588
nsg,nsg,20200111_141155119056_426,20190212,0.2632,0.251,0.0589
nsg,nsg,20200111_141155119056_426,20190212,0.2668,0.254,0.0579
nsg,nsg,20200111_141155119056_426,20190212,0.2648,0.2564,0.0597
